Chương 1: Giới thiệu các khái niệm OOP|CO2039
Chương 2: Nguyên tắc thiết kế Class|CO2039
Chương 3: Thừa kế (Inheritance) và Bao gộp (Composition)|CO2039
Chương 4: Các mẫu thiết kế (Design Patterns)|CO2039
Chương 5: Giới thiệu lập trình hướng chức năng (Functional Programming)|CO2039
Chương 6: Các khuynh hướng Lập trình mới|CO2039
Chương 1: Kỹ nghệ yêu cầu|CO3065
Chương 2: Thiết kế phần mềm|CO3065
Chương 3: Xây dựng phần mềm|CO3065
Chương 4: Kiểm thử và kiểm chứng phần mềm|CO3065
Chương 5: Tiến hóa phần mềm|CO3065
Chương 6: Sự ổn định của phần mềm|CO3065
Chương 7: Thiết kế hướng đối tượng|CO3065
Chương 1: Mở đầu|IM3001
Chương 2: Ra quyết định trong quản lý|IM3001
Chương 3: Quản lý Kế toán - Tài chính|IM3001
Chương 4: Quản lý Tiếp thị|IM3001
Chương 5: Cấu trúc tổ chức và công tác quản lý nhân sự|IM3001
Chương 6: Quản lý Sản xuất và vận hành|IM3001
Chương 7: Quản lý Chất lượng|IM3001
Chương 8: Quản lý Dự án|IM3001
Chương 1: Giới hạn của dãy số|MT1003
Chương 2: Giới hạn và tính liên tục của hàm một biến|MT1003
Chương 3: Đạo hàm và vi phân của hàm một biến|MT1003
Chương 4: Phép tính tích phân của hàm một biến|MT1003
Chương 5: Phương trình vi phân thông thường|MT1003
Chương 1: Hàm nhiều biến|MT1005
Chương 2: Tích phân bội|MT1005
Chương 3: Tích phân đường|MT1005
Chương 4: Tích phân mặt|MT1005
Chương 1: Giới thiệu về trình biên dịch|CO3013
Chương 2: Phân tích từ vựng|CO3013
Chương 3: Phân tích cú pháp|CO3013
Chương 4: Dịch dựa vào cú pháp|CO3013
Chương 5: Kiểm tra kiểu|CO3013
Chương 6: Bảng danh biểu|CO3013
Chương 7: Mã trung gian|CO3013
Chương 8: Tối ưu mã|CO3013
Chương 9: Máy tính ảo|CO3013
Chương 10: Sinh mã máy|CO3013
Chương 1: Giới thiệu về phân tích và thiết kế hệ thống|CO3115
Chương 2: Giai đoạn 1 - Lập kế hoạch|CO3115
Chương 3: Giai đoạn 2 - Phân tích hệ thống. Mô hình hóa yêu cầu|CO3115
Chương 4: Giai đoạn 2 - Phân tích hệ thống. Mô hình hóa quá trình và dữ liệu|CO3115
Chương 5: Giai đoạn 2 - Phân tích hệ thống. Chuyển sang thiết kế|CO3115
Chương 6: Giai đoạn 3 - Thiết kế hệ thống. Thiết kế giao diện người dùng, nhập và xuất|CO3115
Chương 7: Giai đoạn 3 - Thiết kế hệ thống. Thiết kế dữ liệu|CO3115
Chương 8: Giai đoạn 3 - Thiết kế hệ thống. Kiến trúc hệ thống|CO3115
Chương 9: Phân tích và thiết kế hướng đối tượng|CO3115
Chương 10: Giai đoạn 4 - Thực hiện hệ thống|CO3115
Chương 11: Giai đoạn 4 - Thực hiện hệ thống. Cài đặt và đánh giá|CO3115
Chương 12: Giai đoạn 5. Vận hành và hỗ trợ hệ thống|CO3115
Chương 1: Tổng quát về kiểm thử phần mềm|CO3015
Chương 2: Thanh tra phần mềm|CO3015
Chương 3: Kiểm thử hộp trắng: kiểm thử dòng điều khiển|CO3015
Chương 4: Kiểm thử hộp trắng: Kiểm thử dòng dữ liệu|CO3015
Chương 5: Các kỹ thuật kiểm thử hộp đen|CO3015
Chương 6: Các kỹ thuật kiểm thử hộp đen|CO3015
Chương 7: Kiểm thử module (đơn vị)|CO3015
Chương 8: Các hoạt động kiểm thử khác|CO3015
Chương 9: Phát triển phần mềm dựa trên kiểm thử và kiểm thử tự động|CO3015
Chương 10: Các vấn đề khác của kiểm thử|CO3015
Chương 1: Giới thiệu về quản lý dự án phần mềm|CO3011
Chương 2: Đánh giá dự án và quản lý chương trình|CO3011
Chương 3: Tổng quan về lập kế hoạch dự án|CO3011
Chương 4: Lựa chọn phương pháp tiếp cận dự án phù hợp|CO3011
Chương 5: Ước lượng nỗ lực phần mềm|CO3011
Chương 6: Lập kế hoạch hoạt động|CO3011
Chương 7: Quản lý rủi ro|CO3011
Chương 8: Phân bổ tài nguyên|CO3011
Chương 9: Giám sát và kiểm soát|CO3011
Chương 10: Quản lý hợp đồng|CO3011
Chương 11: Quản lý con người trong môi trường phần mềm|CO3011
Chương 12: Làm việc theo nhóm|CO3011
Chương 13: Chất lượng phần mềm|CO3011
Chương 14: Tương lai của quản lý dự án phần mềm|CO3011
Chương 1: Giới thiệu|CO3001
Chương 2: Các quy trình trong công nghệ phần mềm|CO3001
Chương 3: Quy trình phát triển phần mềm Agile|CO3001
Chương 4: Công nghệ phân tích yêu cầu|CO3001
Chương 5: Mô hình hóa hệ thống phần mềm|CO3001
Chương 6: Kiến trúc phần mềm|CO3001
Chương 7: Hiện thực|CO3001
Chương 8: Đảm bảo chất lượng và kiểm thử phần mềm|CO3001
Chương 9: Quy trình phát triển CI/CD|CO3001
Chương 10: Các chủ đề nâng cao|CO3001
Chương 1: Giới thiệu về thiết kế phần mềm|CO3017
Chương 2: Nguyên lý SOLID trong thiết kế phần mềm|CO3017
Chương 3: Thiết kế theo các điều kiện ràng buộc|CO3017
Chương 4: Đặc thù của thiết kế phần mềm cho các ứng dụng cấp độ doanh nghiệp|CO3017
Chương 5: Mẫu thiết kế hướng đối tượng|CO3017
Chương 6: Các góc nhìn trong thiết kế kiến trúc|CO3017
Chương 7: Góc nhìn mô đun|CO3017
Chương 8: Góc nhìn CC|CO3017
Chương 1: Quản lý dự án hiện đại|IM1025
Chương 2: Chiến lược công ty và việc lựa chọn dự án|IM1025
Chương 3: Tổ chức dự án và các vấn đề trong quản lý dự án|IM1025
Chương 4: Định nghĩa và Lập kế hoạch dự án|IM1025
Chương 5: Quản lý rủi ro|IM1025
Chương 6: Cắt giảm độ dài dự án|IM1025
Chương 7: Đo lường và đánh giá tiến độ dự án|IM1025
Chương 8: Kết thúc dự án|IM1025
Chương 1: Phương pháp tổ chức cuộc họp|CO2001
Chương 2: Cuộc họp brainstorming, thực hành brainstorming trong lớp|CO2001  
Chương 3: Giới thiệu phương pháp TPS (Think-Pair-Share)|CO2001  
Chương 4: Kỹ năng thuyết trình|CO2001  
Chương 5: In-class group activity: Mashmellow game, Bridge Game, …|CO2001  
Chương 6: Kỹ năng ghi chép|CO2001  
Chương 7: Giới thiệu công cụ và thực hành Mind Map cho các vấn đề về nghề nghiệp và ảnh hưởng của nghề nghiệp lên con người/xã hội|CO2001  
Chương 8: Kỹ năng lãnh đạo|CO2001  
Chương 9: Đạo đức nghề nghiệp|CO2001  
Chương 10: Luật CNTT Việt Nam, GNU License|CO2001  
Chương 11: Kỹ năng viết báo cáo|CO2001  
Chương 12: Short quiz về đạo đức nghề nghiệp|CO2001  
Chương 1: Giới thiệu|CO3005  
Chương 2: Mô tả từ vựng|CO3005  
Chương 3: Văn phạm|CO3005  
Chương 4: Ngôn ngữ lập trình hàm|CO3005  
Chương 5: Ngôn ngữ lập trình hướng đối tượng|CO3005  
Chương 6: Cây cú pháp trừu tượng|CO3005  
Chương 7: Ngữ nghĩa cơ bản|CO3005  
Chương 8: Các kiểu dữ liệu|CO3005  
Chương 9: Các cấu trúc điều khiển|CO3005  
Chương 10: Sinh mã|CO3005  
Chương 1: Đại cương về xác suất|MT2013  
Chương 2: Đại Lượng ngẫu nhiên. Véctơ ngẫu nhiên|MT2013  
Chương 3: Một số phân bố xác suất thông dụng|MT2013  
Chương 4: Lý thuyết ước lượng|MT2013  
Chương 5: So sánh 1 mẫu|MT2013  
Chương 6: So sánh 2 mẫu|MT2013  
Chương 7: Anova|MT2013  
Chương 8: Tương quan và hồi quy|MT2013  
Chương 1: Giới thiệu Hệ Điều Hành|CO2017  
Chương 2: Giới thiệu về quá trình và luồng|CO2017  
Chương 3: Định thời CPU|CO2017  
Chương 4: Đồng bộ quá trình|CO2017  
Chương 5: Giới thiệu về bộ nhớ|CO2017  
Chương 6: Giới thiệu về kỹ thuật phân trang, phân đoạn|CO2017  
Chương 7: Thay trang nhớ|CO2017  
Chương 8: Hệ thống tập tin|CO2017  
Chương 9: Hệ thống lưu trữ thứ cấp|CO2017  
Chương 1: Giới thiệu|CO2011
Chương 2: Logic vị từ nâng cao|CO2011
Chương 3: Quy hoạch nguyên|CO2011
Chương 4: Automat|CO2011
Chương 5: Các chủ đề nâng c|CO2011  
Chương 1: Số phức|MT1007
Chương 2: Ma trận, định thức và hệ phương trình tuyến tính|MT1007
Chương 3: Không gian véctơ|MT1007
Chương 4: Không gian Euclide|MT1007
Chương 5: Ánh xạ tuyến tính|MT1007
Chương 6: Trị riêng, véctơ riêng|MT1007
Chương 7: Dạng toàn phươn|MT1007 
Chương 1: Cấu tạo nguyên tử|CH1003
Chương 2: Bảng hệ thống tuần hoàn và sự tuần hoàn tính chất của các nguyên tố|CH1003
Chương 3: Liên kết hóa học và cấu tạo phân tử|CH1003
Chương 4: Hiệu ứng nhiệt của các quá trình hóa học|CH1003
Chương 5: Chiều của các quá trình hóa học|CH1003
Chương 6: Tốc độ phản ứng hóa học|CH1003
Chương 7: Cân bằng hóa học|CH1003
Chương 8: Dung dịch lỏng và loãng phân tử|CH1003
Chương 9: Dung dịch điện ly|CH1003
Chương 10: Dung dịch chất điện ly ít tan|CH1003
Chương 11: Điện hóa học|CH1003
Chương 12: Kỹ thuật phòng thí nghiệm|CH1003
Chương 13: Xác định nhiệt phản ứng bằng thực nghiệm|CH1003
Chương 14: Xác định bậc của phản ứng bằng thực nghiệm|CH1003
Chương 15: Xác định nồng độ của một dung dịch bằng phương pháp phân tích thể tích|CH1003
Chương 1: Giới thiệu về công nghệ thông tin và Internet|CO1005
Chương 2: Giới thiệu về máy tính và lập trình|CO1005
Chương 3: Các thành phần căn bản của C++|CO1005
Chương 4: Internet, Web, Thương mại điện tử, Internet of Things|CO1005
Chương 5: Hệ thống thông tin và quá trình phát triển hệ thống thông tin|CO1005
Chương 6: Tương lai của bạn và Công nghệ thông tin|CO1005
Chương 7: Đạo văn và cách tránh đạo văn|CO1005
Chương 1: WHO ARE YOU?|LA1003
Chương 2: WHERE THE HEART IS|LA1003
Chương 3: HEALTH AND HAPPINESS|LA1003
Chương 4: LEARNING|LA1003
Chương 5: FAMILY AND FRIEND|LA1003 
Chương 1: DO YOUR BEST|LA1005
Chương 2: TELL ME WHAT YOU EAT|LA1005
Chương 3: BUYER’S CHOICE|LA1005
Chương 4: ALL IN A DAY’S WORK|LA1005
Chương 5: REMOTE CONTROL|LA1005
Chương 1: IN TOUCH WITH YOUR FEELINGS|LA1007
Chương 2: ENJOY THE RIDE|LA1007
Chương 3: ACTIVE LIVES|LA1007
Chương 4: FOOD|LA1007
Chương 5: WORK|LA1007
Chương 1: Đối tượng, phương pháp nghiên cứu & chức năng của KTCT Mác - Lênin|SP1033
Chương 2: Hàng hóa, thị trường và vai trò của các chủ thể tham gia thị trường|SP1033
Chương 3: Giá trị thặng dư trong nền kinh tế thị trường|SP1033
Chương 4: Cạnh tranh và độc quyền trong nền kinh tế thị trường|SP1033
Chương 5: Kinh tế thị trường định hướng xã hội chủ nghĩa và các quan hệ lợi ích kinh tế ở Việt Nam|SP1033
Chương 6: Công nghiệp hóa, hiện đại hóa và hội nhập kinh tế quốc tế của Việt Nam|SP1033
Chương 1: Các trừu tượng và công nghệ máy tính|CO2007
Chương 2: Lệnh: Ngôn ngữ của máy tính|CO2007
Chương 3: Số học cho máy tính|CO2007
Chương 4: Bộ xử lý|CO2007
Chương 5: Lớn và nhanh: Khai thác hệ thống bộ nhớ|CO2007
Chương 6: Bộ xử lý song song từ máy khách đến đám mây|CO2007
Chương 1: Mạng máy tính và Internet|CO3093
Chương 2: Tầng ứng dụng|CO3093
Chương 3: Tầng vận chuyển|CO3093
Chương 4: Tầng mạng|CO3093
Chương 5: Tầng kết nối dữ liệu và LAN|CO3093
Chương 6: Mạng di động và không dây|CO3093
Chương 8: Anh ninh mạng máy tính|CO3093
Chương 1: NHẬP MÔN CHỦ NGHĨA XÃ HỘI KHOA HỌC|SP1035
Chương 2: SỨ MỆNH LỊCH SỬ CỦA GIAI CẤP CÔNG NHÂN|SP1035
Chương 3: CHỦ NGHĨA XÃ HỘI VÀ THỜI KỲ QUÁ ĐỘ LÊN CHỦ NGHĨA XÃ HỘI|SP1035
Chương 4: DÂN CHỦ XÃ HỘI CHỦ NGHĨA VÀ NHÀ NƯỚC XÃ HỘI CHỦ NGHĨA|SP1035
Chương 5: CƠ CẤU XÃ HỘI - GIAI CẤP VÀ LIÊN MINH GIAI CẤP, TẦNG LỚP TRONG THỜI KỲ QUÁ ĐỘ LÊN CHỦ NGHĨA XÃ HỘI|SP1035
Chương 6: VẤN ĐỀ DÂN TỘC VÀ TÔN GIÁO TRONG THỜI KỲ QUÁ ĐỘ LÊN CHỦ NGHĨA XÃ HỘI|SP1035
Chương 7: VẤN ĐỀ GIA ĐÌNH TRONG THỜI KỲ QUÁ ĐỘ LÊN CHỦ NGHĨA XÃ HỘI|SP1035
Chương 1: Giới thiệu về máy tính và lập trình|CO1027
Chương 2: Các thành phần căn bản của C++|CO1027
Chương 3: Các thành phần căn bản khác của C++|CO1027
Chương 4: Cấu trúc rẽ nhánh|CO1027
Chương 5: Các cấu trúc lặp - mảng và lập trình có cấu trúc|CO1027
Chương 6: Hàm và con trỏ|CO1027
Chương 7: Giới thiệu về lớp|CO1027
Chương 1: Triết học và vai trò của triết học trong đời sống xã hội|SP1031
Chương 2: Chủ nghĩa duy vật biện chứng|SP1031
Chương 3: Chủ nghĩa duy vật lịch sử|SP1031
CHƯƠNG 1: NHỮNG KHÁI NIỆM CHUNG VỀ NHÀ NƯỚC|SP1007
CHƯƠNG 2: NHỮNG KHÁI NIỆM CHUNG VỀ PHÁP LUẬT|SP1007
CHƯƠNG 3: PHÁP LUẬT DÂN SỰ VÀ TỐ TỤNG DÂN SỰ|SP1007
CHƯƠNG 4: PHÁP LUẬT LAO ĐỘNG|SP1007
CHƯƠNG 5: PHÁP LUẬT HÌNH SỰ VÀ TỐ TỤNG HÌNH SỰ|SP1007
CHƯƠNG 6: PHÁP LUẬT HÀNH CHÍNH VÀ TỐ TỤNG HÀNH CHÍNH|SP1007
CHƯƠNG 7: PHÁP LUẬT KINH DOANH|SP1007
CHƯƠNG 8: PHÁP LUẬT ĐẤT ĐAI, MÔI TRƯỜNG|SP1007
CHƯƠNG 1: Giới thiệu|CO2003
CHƯƠNG 2: Độ phức tạp giải thuật|CO2003
CHƯƠNG 3: Danh sách|CO2003
CHƯƠNG 4: Chồng và Hàng|CO2003
CHƯƠNG 5: Cây nhị phân|CO2003
CHƯƠNG 6: Cấu trúc cây nâng cao|CO2003
CHƯƠNG 7: Heap|CO2003
CHƯƠNG 8: Sắp xếp|CO2003
CHƯƠNG 9: Đồ thị|CO2003
CHƯƠNG 10: Tìm kiếm|CO2003
CHƯƠNG 1: Tổng quan về hệ cơ sở dữ liệu|CO2013
CHƯƠNG 2: Mô hình thực thể mối liên kết|CO2013
CHƯƠNG 3: Mô hình dữ liệu quan hệ|CO2013
CHƯƠNG 4: Ngôn ngữ SQL|CO2013
CHƯƠNG 5: Phương pháp thiết kế cơ sở dữ liệu|CO2013
CHƯƠNG 6: Lưu trữ và quản lý cơ sở dữ liệu|CO2013
CHƯƠNG 7: Bảo mật cơ sở dữ liệu|CO2013
CHƯƠNG 1: Các hệ thống số và mã|CO1023
CHƯƠNG 2: Đại số Boole và các cổng luận lý|CO1023
CHƯƠNG 3: Mạch luận lý tổ hợp|CO1023
CHƯƠNG 4: Flip-Flop và mạch tuần tự|CO1023
CHƯƠNG 5: Các phép toán và mạch|CO1023
CHƯƠNG 6: Bộ đếm và thanh ghi|CO1023
CHƯƠNG 7: Thiết kế mạch tổ hợp sử dụng vi mạch MSI|CO1023
CHƯƠNG 1: Giới thiệu|CO1007
CHƯƠNG 2: Logic và Phép chứng minh|CO1007
CHƯƠNG 3: Lý thuyết tập hợp|CO1007
CHƯƠNG 4: Quan hệ|CO1007
CHƯƠNG 5: Lý thuyết đồ thị|CO1007
CHƯƠNG 6: Cây và thuật toán|CO1007
CHƯƠNG 7: Đường đi và chu trình|CO1007
CHƯƠNG 1: ĐỘNG HỌC CHẤT ĐIỂM|PH1003
CHƯƠNG 2: ĐỘNG LỰC HỌC CHẤT ĐIỂM|PH1003
CHƯƠNG 3: CƠ HỌC HỆ CHẤT ĐIỂM - VẬT RẮN|PH1003
CHƯƠNG 4: NHIỆT HỌC - CÁC ĐỊNH LUẬT THỰC NGHIỆM VỀ CHẤT KHÍ|PH1003
CHƯƠNG 5: CÁC NGUYÊN LÝ NHIỆT ĐỘNG HỌC|PH1003
CHƯƠNG 6: TRƯỜNG TĨNH ĐIỆN TRONG CHÂN KHÔNG|PH1003
CHƯƠNG 7: ĐIỆN TRƯỜNG TRONG KHÔNG GIAN CÓ ĐIỆN MÔI - VẬT DẪN|PH1003
CHƯƠNG 8: TRƯỜNG TĨNH TỪ TRONG CHÂN KHÔNG|PH1003
Chương 1: BÀI MỞ ĐẦU: SAI SỐ CỦA PHÉP ĐO CÁC ĐẠI LƯỢNG VẬT LÝ|PH1007
Chương 2: ĐO KHỐI LƯỢNG RIÊNG CỦA VẬT RẮN ĐỒNG NHẤT|PH1007
Chương 3: XÁC ĐỊNH GIA TỐC TRỌNG TRƯỜNG BẰNG CON LẮC THUẬN NGHỊCH|PH1007
Chương 4: XÁC ĐỊNH MÔMEN QUÁN TÍNH CỦA TRỤC ĐẶC VÀ LỰC MA SÁT TRONG Ổ TRỤC QUAY|PH1007
Chương 5: KHẢO SÁT CẶP NHIỆT ĐIỆN XÁC ĐỊNH HẰNG SỐ CẶP NHIỆT|PH1007
Chương 6: XÁC ĐỊNH HỆ SỐ NHỚT CỦA CHẤT LỎNG THEO PHƯƠNG PHÁP STOKES|PH1007
Chương 7: KHẢO SÁT MẠCH DAO ĐỘNG TÍCH PHÓNG DÙNG ĐÈN NEON ĐO ĐIỆN TRỞ VÀ ĐIỆN DUNG|PH1007
Chương 8: LÀM QUEN SỬ DỤNG DỤNG CỤ ĐO ĐIỆN KHẢO SÁT CÁC MẠCH ĐIỆN MỘT CHIỀU VÀ XOAY CHIỀU|PH1007
Chương 9: XÁC ĐỊNH CHIẾT SUẤT CỦA BẢN THUỶ TINH BẰNG KÍNH HIỂN VI|PH1007
Chương 10: Đo tiêu cự của thấu kính hội tụ và thấu kính phân kì|PH1007
Chương 1: ĐỐI TƯỢNG, CHỨC NĂNG, NHIỆM VỤ, NỘI DUNG VÀ PHƯƠNG PHÁP NGHIÊN CỨU HỌC TẬP LỊCH SỬ ĐẢNG CỘNG SẢN VIỆT NAM|SP1039
Chương 2: ĐẢNG CỘNG SẢN VIỆT NAM RA ĐỜI VÀ LÃNH ĐẠO ĐẤU TRANH GIÀNH CHÍNH QUYỀN (1930-1945)|SP1039
Chương 3: ĐẢNG LÃNH ĐẠO HAI CUỘC KHÁNG CHIẾN, HOÀN THÀNH GIẢI PHÓNG DÂN TỘC, THỐNG NHẤT ĐẤT NƯỚC (1945-1975)|SP1039
Chương 4: ĐẢNG LÃNH ĐẠO CẢ NƯỚC QUÁ ĐỘ LÊN CHỦ NGHĨA XÃ HỘI VÀ TIẾN HÀNH CÔNG CUỘC ĐỔI MỚI (1975-2018)|SP1039
Chương 1: KHÁI NIỆM, ĐỐI TƯỢNG, PHƯƠNG PHÁP NGHIÊN CỨU VÀ Ý NGHĨA HỌC TẬP MÔN TƯ TƯỞNG HỒ CHÍ MINH|SP1037
Chương 2: CƠ SỞ, QUÁ TRÌNH HÌNH THÀNH VÀ PHÁT TRIỂN TƯ TƯỞNG HỒ CHÍ MINH|SP1037
Chương 3: TƯ TƯỞNG HỒ CHÍ MINH VỀ ĐỘC LẬP DÂN TỘC VÀ CHỦ NGHĨA XÃ HỘI|SP1037
Chương 4: TƯ TƯỞNG HỒ CHÍ MINH VỀ ĐẢNG CỘNG SẢN VIỆT NAM VÀ NHÀ NƯỚC CỦA DÂN, DO DÂN, VÌ DÂN|SP1037
Chương 5: TƯ TƯỞNG HỒ CHÍ MINH VỀ ĐẠI ĐOÀN KẾT TOÀN DÂN TỘC VÀ ĐOÀN KẾT QUỐC TẾ|SP1037
Chương 6: TƯ TƯỞNG HỒ CHÍ MINH VỀ VĂN HÓA, ĐẠO ĐỨC, CON NGƯỜI|SP1037
Chương 1: Một số khái niệm chung|IM1027
Chương 2: Giá trị theo thời gian của tiền tệ|IM1027
Chương 3: Các phương pháp phân tích so sánh phương án đầu tư|IM1027
Chương 4: Các phương pháp phân tích so sánh phương án đầu tư|IM1027
Chương 5: Các phương pháp phân tích so sánh phương án đầu tư|IM1027
Chương 6: Phân tích dự án sau thuế|IM1027
Chương 7: Giá sử dụng vốn|IM1027
Chương 1: Giới thiệu về quản lý sản xuất|IM1023
Chương 2: Thiết kế sản phẩm|IM1023
Chương 3: Kỹ thuật dự báo|IM1023
Chương 4: Lựa chọn quy trình sản xuất|IM1023
Chương 5: Hoạch định tổng hợp|IM1023
Chương 6: Bố trí mặt bằng|IM1023
Chương 7: Quản lý tồn kho|IM1023
Chương 8: Hoạch định nhu cầu vật tư (MRP) và just-in-time|IM1023
Chương 9: Điều độ sản xuất|IM1023
Chương 1: Giới thiệu|IM1023
Chương 2: Cung, cầu và cân bằng thị trường|IM1023
Chương 3: Hành vi của nhà sản xuất|IM1023
Chương 4: Cấu trúc thị trường|IM1023
Chương 5: Hệ thống tài khoản thu nhập quốc dân|IM1023
Chương 6: Lạm phát và thất nghiệp|IM1023
Chương 7: Hệ thống tài chính, tiền tệ, ngân hàng|IM1023